{
    "bystate\/telugu-saree.png": {
        "desktop": {
            "forehead-pendant": {
                "x": 19.708333333333332,
                "y": 12.283589441687791
            },
            "hair-jewellery": {
                "x": 80.91319444444444,
                "y": 11.685269063953
            },
            "earrings-stud": {
                "x": 84.18923611111111,
                "y": 29.93764492448909
            },
            "earrings-drops": {
                "x": 5.567708333333334,
                "y": 18.164670262996648
            },
            "ear-loops": {
                "x": 75.37152777777779,
                "y": 32.53997813367294
            },
            "nose-pin": {
                "x": 87.9375,
                "y": 25.41059435560415
            },
            "choker-necklace": {
                "x": 82.55381944444444,
                "y": 45.062655437146326
            },
            "short-necklace": {
                "x": 82.05208333333334,
                "y": 52.43713430970889
            },
            "long-necklace": {
                "x": 85.16666666666667,
                "y": 58.47800752105535
            },
            "multiple-bangles": {
                "x": 0,
                "y": 73.20774212151431
            },
            "bracelet": {
                "x": 3.9522569444444446,
                "y": 55.338627707760146
            },
            "single-bangle": {
                "x": 3.1875,
                "y": 64.26777840519986
            },
            "rings": {
                "x": 2.4722222222222223,
                "y": 35.62529285259453
            },
            "waist-belt": {
                "x": 87.41319444444444,
                "y": 93.83057200869848
            },
            "anklet": {
                "x": 91.88194444444444,
                "y": 68.74556966587771
            },
            "toe-ring": {
                "x": 91.56770833333333,
                "y": 63.516874316677274
            }
        },
        "mobile": {
            "forehead-pendant": {
                "x": 0,
                "y": 11.134226024788303
            },
            "hair-jewellery": {
                "x": 63.675000000000004,
                "y": 3.6215535175364058
            },
            "earrings-stud": {
                "x": 67.35833333333333,
                "y": 13.920712590465586
            },
            "earrings-drops": {
                "x": 3.7583333333333337,
                "y": 42.09616455214041
            },
            "ear-loops": {
                "x": 75.49583333333332,
                "y": 31.008819479035427
            },
            "nose-pin": {
                "x": 5.35,
                "y": 17.45729438307598
            },
            "choker-necklace": {
                "x": 67.73333333333333,
                "y": 53.50874622754842
            },
            "short-necklace": {
                "x": 60.15833333333334,
                "y": 64.6722728471388
            },
            "long-necklace": {
                "x": 49,
                "y": 90.19895103870608
            },
            "multiple-bangles": {
                "x": 1.7083333333333333,
                "y": 80.03457470186645
            },
            "bracelet": {
                "x": 4.841666666666667,
                "y": 59.05827888306132
            },
            "single-bangle": {
                "x": 5.3125,
                "y": 65.70951390313223
            },
            "rings": {
                "x": 6.550000000000001,
                "y": 24.120249641067716
            },
            "waist-belt": {
                "x": 7.425,
                "y": 89.74772187875413
            },
            "anklet": {
                "x": 79.475,
                "y": 72.16150487854904
            },
            "toe-ring": {
                "x": 82.13333333333334,
                "y": 89.4986668229365
            }
        }
    },
    "bystate\/telugu-lehnga.png": {
        "desktop": {
            "forehead-pendant": {
                "x": 69.62673611111111,
                "y": 11.060958226856549
            },
            "hair-jewellery": {
                "x": 20.2265625,
                "y": 15.053356105453751
            },
            "earrings-stud": {
                "x": 26.990451388888886,
                "y": 24.660665442451172
            },
            "earrings-drops": {
                "x": 21.16579861111111,
                "y": 36.02660742490979
            },
            "ear-loops": {
                "x": 76.53645833333333,
                "y": 29.774761470599564
            },
            "nose-pin": {
                "x": 77.07291666666667,
                "y": 22.875065812284102
            },
            "choker-necklace": {
                "x": 0,
                "y": 97.45226201635997
            },
            "short-necklace": {
                "x": 67.71875,
                "y": 40.23987774966933
            },
            "long-necklace": {
                "x": 26.415798611111114,
                "y": 44.761984256417506
            },
            "multiple-bangles": {
                "x": 58.478298611111114,
                "y": 43.9863624105916
            },
            "bracelet": {
                "x": 47.96788194444444,
                "y": 70.47243588920422
            },
            "single-bangle": {
                "x": 73.77777777777777,
                "y": 54.8059019172242
            },
            "rings": {
                "x": 59.43055555555555,
                "y": 76.1573330936268
            },
            "waist-belt": {
                "x": 68.953125,
                "y": 63.62474798710721
            },
            "anklet": {
                "x": 12.88888888888889,
                "y": 97.45226201635997
            },
            "toe-ring": {
                "x": 12.88888888888889,
                "y": 97.45226201635997
            }
        }
    },
    "bystate\/tamil-gown.png": {
        "desktop": {
            "forehead-pendant": {
                "x": 23.33159722222222,
                "y": 9.102641480359045
            },
            "hair-jewellery": {
                "x": 43.29774305555556,
                "y": 30.556804027069717
            },
            "earrings-stud": {
                "x": 75.47829861111111,
                "y": 23.702053343264033
            },
            "earrings-drops": {
                "x": 74.06770833333334,
                "y": 27.836990998163675
            },
            "ear-loops": {
                "x": 52.55295138888889,
                "y": 24.218920550126487
            },
            "nose-pin": {
                "x": 30.81423611111111,
                "y": 19.438701475479306
            },
            "choker-necklace": {
                "x": 28.09982638888889,
                "y": 34.81373518421019
            },
            "short-necklace": {
                "x": 65.77864583333334,
                "y": 40.23987774966933
            },
            "long-necklace": {
                "x": 35.76215277777778,
                "y": 57.03581472397366
            },
            "multiple-bangles": {
                "x": 62.357638888888886,
                "y": 82.74626635676037
            },
            "bracelet": {
                "x": 28.216145833333332,
                "y": 80.93755216827398
            },
            "single-bangle": {
                "x": 0,
                "y": 97.45226201635997
            },
            "rings": {
                "x": 93.88888888888889,
                "y": 91.14391380838032
            },
            "waist-belt": {
                "x": 64.015625,
                "y": 70.60149217315373
            },
            "anklet": {
                "x": 12.88888888888889,
                "y": 97.45226201635997
            },
            "toe-ring": {
                "x": 12.88888888888889,
                "y": 97.45226201635997
            }
        }
    }
}